variable,period_start,period_end,term,method,trend_likelihood,slope,p_value,z_score,conf_low_66,conf_high_66,conf_low_90,conf_high_90,tau,variance,r_squared
carbon_dioxide,1973,2022,year,Linear model,NA,0.023641687511733792,6.203719662039683e-4,NA,0.017483963001848103,0.02979941202161948,0.017483963001848103,0.02979941202161948,NA,NA,0.21849997376517383
nitrous_oxide,1997,2022,year,Linear model,NA,0.012427670473457709,0.49348198950026456,NA,-0.004624396233442331,0.02947973718035775,-0.004624396233442331,0.02947973718035775,NA,NA,0.019751387148406886
methane,1990,2022,year,Linear model,NA,-141.10954542803535,7.017090166573745e-4,NA,-141.12486175485972,-141.09422910121097,-176.75571473489265,-105.46337612117804,NA,NA,0.4118909111265258
methane,1990,2022,year2,Linear model,NA,0.035222974036383636,6.913244004239152e-4,NA,0.01990664721199406,0.05053930086077321,-35.61094633282091,35.68139228089368,NA,NA,0.4118909111265258
carbon_dioxide,1973,2022,NA,Mann Kendall,Very likely increasing,NA,4.6419342752647876e-5,4.072960281875247,NA,NA,NA,NA,1,90311.38146389578,NA
methane,1990,2022,NA,Mann Kendall,Very likely increasing,NA,2.2541749173458384e-6,4.729189877993723,NA,NA,NA,NA,0.9696969696969697,11675.306688804552,NA
nitrous_oxide,1997,2022,NA,Mann Kendall,Very likely increasing,NA,1.820985665651487e-7,5.21674103548408,NA,NA,NA,NA,1,3857.3714660282712,NA
